/* Insert the 2 routes in the DB
The data is taken from the files of OASA */

INSERT INTO routes (route_id,route_short_name,route_long_name,route_desc,route_type,route_color,route_text_color)
VALUES ('Τ3-20','Τ3','ΝΕΟ ΦΑΛΗΡΟ - AΣΚΛΗΠΕΙΟ ΒΟΥΛΑ','',2,'3FFF19','000000'),
('Τ4-20','Τ4','ΣΥΝΤΑΓΜΑ - ΝΕΟ ΦΑΛΗΡΟ','',2,'3FFF19','000000');


/* INSERT THE CALENDAR FOR THESE ROUTES */
INSERT INTO CALENDAR (service_id,monday,tuesday,wednesday,thursday,friday,saturday,sunday,start_date,end_date)
VALUES ('ΤΗΛΕΜΑ-Τ3-Δευ-Πεμ-01',1,1,1,1,0,0,0,20151001,20151231),
('ΤΗΛΕΜΑ-Τ3-Κυριακή-01',0,0,0,0,0,0,1,20151004,20151227),
('ΤΗΛΕΜΑ-Τ3-Σάββατο-01',0,0,0,0,0,1,0,20151003,20151226),
('ΤΗΛΕΜΑ-Τ4-Δευ-Πεμ-02',1,1,1,1,0,0,0,20151001,20151231),
('ΤΗΛΕΜΑ-Τ4-Κυριακή-02',0,0,0,0,0,0,1,20151004,20151227),
('ΤΗΛΕΜΑ-Τ4-Σάββατο-02',0,0,0,0,0,1,0,20151003,20151226);


/* INSTERT THE 6 TRIPS */
INSERT INTO trips (route_id,service_id,trip_id,trip_headsign,direction_id,block_id)
VALUES ('Τ3-20','ΤΗΛΕΜΑ-Τ3-Σάββατο-01','6351929-ΤΗΛΕΜΑ-Τ3-Σάββατο-01','ΝΕΟ ΦΑΛΗΡΟ - AΣΚΛΗΠΕΙΟ ΒΟΥΛΑ',0,1496745),
('Τ3-20','ΤΗΛΕΜΑ-Τ3-Κυριακή-01','7069869-ΤΗΛΕΜΑ-Τ3-Κυριακή-01','ΝΕΟ ΦΑΛΗΡΟ - AΣΚΛΗΠΕΙΟ ΒΟΥΛΑ',0,1639403),
('Τ3-20','ΤΗΛΕΜΑ-Τ3-Δευ-Πεμ-01','6349880-ΤΗΛΕΜΑ-Τ3-Δευ-Πεμ-01','ΝΕΟ ΦΑΛΗΡΟ - AΣΚΛΗΠΕΙΟ ΒΟΥΛΑ',0,1496216),
('Τ4-20','ΤΗΛΕΜΑ-Τ4-Κυριακή-02','7037335-ΤΗΛΕΜΑ-Τ4-Κυριακή-02','ΣΥΝΤΑΓΜΑ - ΝΕΟ ΦΑΛΗΡΟ',0,1638270),
('Τ4-20','ΤΗΛΕΜΑ-Τ4-Σάββατο-02','7037759-ΤΗΛΕΜΑ-Τ4-Σάββατο-02','ΣΥΝΤΑΓΜΑ - ΝΕΟ ΦΑΛΗΡΟ',0,1643408),
('Τ4-20','ΤΗΛΕΜΑ-Τ4-Δευ-Πεμ-02','7037464-ΤΗΛΕΜΑ-Τ4-Δευ-Πεμ-02','ΣΥΝΤΑΓΜΑ - ΝΕΟ ΦΑΛΗΡΟ',0,1643425);

/* INSERT THE REQUIRED STOPS */
INSERT INTO STOPS (stop_id,stop_code,stop_name,stop_desc,stop_lat,stop_lon,location_type)
VALUES (400045,400045,'ΣΤΑΔΙΟ ΕΙΡΗΝΗΣ-ΦΙΛΙΑΣ ΣΕΦ','Επί της ΣΤΟ ΔΙΑΜΟΦΩΜΕΝΟ ΧΩΡΟ',37.9436899707287,23.6639594167108,0),
(400044,400044,'ΝΕΟ ΦΑΛΗΡΟ','Επί της ΕΘΝ.ΜΑΚΑΡΙΟΥ',37.9444968100466,23.6687927494187,0),
(320025,320025,'ΜΟΣΧΑΤΟ','Επί της ΛΕΩΦ.ΠΟΣΕΙΔΩΝΟΣ',37.9441981541667,23.6780924882414,0),
(240119,240119,'ΚΑΛΛΙΘΕΑ','Επί της ΛΕΩΦ.ΠΟΣΕΙΔΩΝΟΣ',37.9425923793275,23.684199656757,0),
(240038,240038,'ΤΖΙΤΖΙΦΙΕΣ','Επί της ΛΕΩΦ.ΠΟΣΕΙΔΩΝΟΣ',37.9408987961657,23.6878942320712,0),
(590010,590010,'ΑΓΙΟΣ ΑΛΕΞΑΝΔΡΟΣ','Επί της ΛΕΩΦ.ΠΟΣΕΙΔΩΝΟΣ',37.8850971373509,23.7267948743902,0),
(590012,590012,'ΕΛΛΗΝΩΝ ΟΛΥΜΠΙΟΝΙΚΩΝ','Επί της ΛΕΩΦ.ΠΟΣΕΙΔΩΝΟΣ',37.8809934362191,23.7294936907804,0),
(590034,590034,'ΚΕΝΤΡΟ ΙΣΤΙΟΠΛΟΙΑΣ','Επί της ΛΕΩΦ.ΠΟΣΕΙΔΩΝΟΣ',37.8757984038462,23.7318891502321,0),
(160041,160041,'ΠΛΑΤΕΙΑ ΒΕΡΓΩΤΗ','Επί της ΔΙΑΔΟΧΟΥ ΠΑΥΛΟΥ',37.8714972139702,23.734997369331,0),
(160045,160045,'ΠΑΡΑΛΙΑ ΓΛΥΦΑΔΑΣ','Επί της ΔΙΑΔΟΧΟΥ ΠΑΥΛΟΥ',37.8676927370075,23.7385923514821,0),
(060404,060404,'ΣΥΝΤΑΓΜΑ','Επί της ΛΕΩΦ.ΒΑΣ.ΑΜΑΛΙΑΣ',37.9745068292321,23.7352650842216,0),
(060405,060405,'ΖΑΠΠΕΙΟ','Επί της ΛΕΩΦ.ΒΑΣ.ΟΛΓΑΣ',37.9695960036632,23.7357950475542,0),
(060407,060407,'ΛΕΩΦ.ΒΟΥΛΙΑΓΜΕΝΗΣ','Επί της ΚΑΛΛΙΡΡΟΗΣ',37.9665946837928,23.7317984159461,0),
(060408,060408,'ΦΙΞ','Επί της ΚΑΛΛΙΡΡΟΗΣ',37.9645927271006,23.7273999695165,0),
(060409,060409,'ΚΑΣΟΜΟΥΛΗ','Επί της ΚΟΣΑΜΟΥΛΗ',37.9602934911543,23.7234998871192,0);

/* INSERT THE STOP TIMES FOR THE TRIPS */
INSERT INTO STOP_TIMES (trip_id,arrival_time,departure_time,stop_id,stop_sequence,pickup_type,drop_off_type)
VALUES ('6349880-ΤΗΛΕΜΑ-Τ3-Δευ-Πεμ-01','05:03:00','05:03:00',590010,1,0,0),
('6349880-ΤΗΛΕΜΑ-Τ3-Δευ-Πεμ-01','05:04:00','05:04:00',590012,2,0,0),
('6349880-ΤΗΛΕΜΑ-Τ3-Δευ-Πεμ-01','05:06:00','05:06:00',590034,3,0,0),
('6349880-ΤΗΛΕΜΑ-Τ3-Δευ-Πεμ-01','05:07:00','05:07:00',160041,4,0,0),
('6349880-ΤΗΛΕΜΑ-Τ3-Δευ-Πεμ-01','05:09:00','05:09:00',160045,5,0,0),
('6351929-ΤΗΛΕΜΑ-Τ3-Σάββατο-01','05:30:00','05:30:00',400045,1,0,0),
('6351929-ΤΗΛΕΜΑ-Τ3-Σάββατο-01','05:31:00','05:31:00',400044,2,0,0),
('6351929-ΤΗΛΕΜΑ-Τ3-Σάββατο-01','05:33:00','05:33:00',320025,3,0,0),
('6351929-ΤΗΛΕΜΑ-Τ3-Σάββατο-01','05:35:00','05:35:00',240119,4,0,0),
('6351929-ΤΗΛΕΜΑ-Τ3-Σάββατο-01','05:36:00','05:36:00',240038,5,0,0),
('7069869-ΤΗΛΕΜΑ-Τ3-Κυριακή-01','05:03:00','05:03:00',590010,1,0,0),
('7069869-ΤΗΛΕΜΑ-Τ3-Κυριακή-01','05:04:00','05:04:00',590012,2,0,0),
('7069869-ΤΗΛΕΜΑ-Τ3-Κυριακή-01','05:06:00','05:06:00',590034,3,0,0),
('7069869-ΤΗΛΕΜΑ-Τ3-Κυριακή-01','05:07:00','05:07:00',160041,4,0,0),
('7069869-ΤΗΛΕΜΑ-Τ3-Κυριακή-01','05:09:00','05:09:00',160045,5,0,0),
('7037335-ΤΗΛΕΜΑ-Τ4-Κυριακή-02','05:37:00','05:37:00',060404,1,0,0),
('7037335-ΤΗΛΕΜΑ-Τ4-Κυριακή-02','05:39:00','05:39:00',060405,2,0,0),
('7037335-ΤΗΛΕΜΑ-Τ4-Κυριακή-02','05:42:00','05:42:00',060407,3,0,0),
('7037335-ΤΗΛΕΜΑ-Τ4-Κυριακή-02','05:43:00','05:43:00',060408,4,0,0),
('7037335-ΤΗΛΕΜΑ-Τ4-Κυριακή-02','05:45:00','05:45:00',060409,5,0,0),
('7037464-ΤΗΛΕΜΑ-Τ4-Δευ-Πεμ-02','05:37:00','05:37:00',060404,1,0,0),
('7037464-ΤΗΛΕΜΑ-Τ4-Δευ-Πεμ-02','05:39:00','05:39:00',060405,2,0,0),
('7037464-ΤΗΛΕΜΑ-Τ4-Δευ-Πεμ-02','05:42:00','05:42:00',060407,3,0,0),
('7037464-ΤΗΛΕΜΑ-Τ4-Δευ-Πεμ-02','05:43:00','05:43:00',060408,4,0,0),
('7037464-ΤΗΛΕΜΑ-Τ4-Δευ-Πεμ-02','05:45:00','05:45:00',060409,5,0,0),
('7037759-ΤΗΛΕΜΑ-Τ4-Σάββατο-02','05:37:00','05:37:00',060404,1,0,0),
('7037759-ΤΗΛΕΜΑ-Τ4-Σάββατο-02','05:39:00','05:39:00',060405,2,0,0),
('7037759-ΤΗΛΕΜΑ-Τ4-Σάββατο-02','05:42:00','05:42:00',060407,3,0,0),
('7037759-ΤΗΛΕΜΑ-Τ4-Σάββατο-02','05:43:00','05:43:00',060408,4,0,0),
('7037759-ΤΗΛΕΜΑ-Τ4-Σάββατο-02','05:45:00','05:45:00',060409,5,0,0);


